NAME	FORWARD	REVERSE	MIN	MAX
BAC-1.2	ACGAGAGAGTTTGATCMTGGCTCAG	CTAGCTACGGYTACCTTGTTACGACTT	1300	1700
BAC-1.3	ACGAGAGAGTTTGATCMTGGCTCAG	TGAGATACGGYTACCTTGTTACGACTT	1300	1700
BAC-1.4	ACGAGAGAGTTTGATCMTGGCTCAG	TGACATACGGYTACCTTGTTACGACTT	1300	1700
BAC-1.5	ACGAGAGAGTTTGATCMTGGCTCAG	CTGACTACGGYTACCTTGTTACGACTT	1300	1700
BAC-1.6	ACGAGAGAGTTTGATCMTGGCTCAG	AGCTATACGGYTACCTTGTTACGACTT	1300	1700
BAC-1.8	ACGAGAGAGTTTGATCMTGGCTCAG	TCTACTACGGYTACCTTGTTACGACTT	1300	1700
BAC-1.9	ACGAGAGAGTTTGATCMTGGCTCAG	ATGACTACGGYTACCTTGTTACGACTT	1300	1700
BAC-1.10	ACGAGAGAGTTTGATCMTGGCTCAG	AGATGTACGGYTACCTTGTTACGACTT	1300	1700
BAC-1.11	TCGACAGAGTTTGATCMTGGCTCAG	TAGCATACGGYTACCTTGTTACGACTT	1300	1700
BAC-1.12	TCGACAGAGTTTGATCMTGGCTCAG	CTAGCTACGGYTACCTTGTTACGACTT	1300	1700
BAC-1.13	TCGACAGAGTTTGATCMTGGCTCAG	TGAGATACGGYTACCTTGTTACGACTT	1300	1700
BAC-1.14	TCGACAGAGTTTGATCMTGGCTCAG	TGACATACGGYTACCTTGTTACGACTT	1300	1700
BAC-1.16	TCGACAGAGTTTGATCMTGGCTCAG	AGCTATACGGYTACCTTGTTACGACTT	1300	1700
BAC-1.17	TCGACAGAGTTTGATCMTGGCTCAG	AGACATACGGYTACCTTGTTACGACTT	1300	1700
BAC-1.19	TCGACAGAGTTTGATCMTGGCTCAG	ATGACTACGGYTACCTTGTTACGACTT	1300	1700
BAC-1.20	TCGACAGAGTTTGATCMTGGCTCAG	AGATGTACGGYTACCTTGTTACGACTT	1300	1700
BAC-1.21	AGCAGAGAGTTTGATCMTGGCTCAG	TAGCATACGGYTACCTTGTTACGACTT	1300	1700
BAC-1.22	AGCAGAGAGTTTGATCMTGGCTCAG	CTAGCTACGGYTACCTTGTTACGACTT	1300	1700
BAC-1.23	AGCAGAGAGTTTGATCMTGGCTCAG	TGAGATACGGYTACCTTGTTACGACTT	1300	1700
BAC-1.24	AGCAGAGAGTTTGATCMTGGCTCAG	TGACATACGGYTACCTTGTTACGACTT	1300	1700
BAC-1.25	AGCAGAGAGTTTGATCMTGGCTCAG	CTGACTACGGYTACCTTGTTACGACTT	1300	1700
BAC-1.26	AGCAGAGAGTTTGATCMTGGCTCAG	AGCTATACGGYTACCTTGTTACGACTT	1300	1700
BAC-1.28	AGCAGAGAGTTTGATCMTGGCTCAG	TCTACTACGGYTACCTTGTTACGACTT	1300	1700
BAC-1.29	AGCAGAGAGTTTGATCMTGGCTCAG	ATGACTACGGYTACCTTGTTACGACTT	1300	1700
BAC-1.31	CACAGAGAGTTTGATCMTGGCTCAG	TAGCATACGGYTACCTTGTTACGACTT	1300	1700
BAC-1.32	CACAGAGAGTTTGATCMTGGCTCAG	CTAGCTACGGYTACCTTGTTACGACTT	1300	1700
BAC-1.33	CACAGAGAGTTTGATCMTGGCTCAG	TGAGATACGGYTACCTTGTTACGACTT	1300	1700
